Company Name,Industry,Position,Max Salary,Application Open,Application Deadline,Status
Lunar Ventures,Consulting,Vacationer Internship,100000,2026-08-09,2026-10-19,OA
IMC,Consulting,Vacationer Internship,65000,2026-06-10,2026-08-01,No Response
Everest Ventures Group,Tech,Product Engineering Intern,75000,2026-08-14,2026-10-18,No Response
Afterpay,Quant,Quant Developer Internship,295000,2026-02-24,2026-04-03,No Response
Vertex Ops Group,Finance,Financial Data Analyst Intern,140000,2026-02-21,2026-04-11,No Response
Atlas Group Two,Consulting,Cyber Risk Consulting Intern,70000,2026-02-21,2026-04-30,No Response
Opal Digital Global,Tech,Full Stack Developer Intern,180000,2026-04-10,2026-06-07,Rejected
Core Ops Australia Labs,Consulting,Data Analytics Consultant Intern,70000,2026-07-14,2026-09-10,OA
Quantum Ventures,Consulting,Cyber Risk Consulting Intern,80000,2026-04-10,2026-04-28,No Response
Pioneer Networks Group Two,Capital Markets,Equity Research Intern,120000,2026-08-10,2026-09-28,OA
Bright Trading Australia,Corporate,Product Management Intern,65000,2026-06-11,2026-07-26,No Response
Optiver,Tech,Software Engineering Internship,180000,2026-05-20,2026-07-11,No Response
Helix Labs,Quant,Algorithmic Trading Internship,370000,2026-08-16,2026-10-10,OA
Solar Robotics,Tech,Backend Engineer Intern,90000,2026-07-11,2026-08-13,Rejected
Afterpay,Quant,Trading Systems Engineer Intern,240000,2026-07-04,2026-08-07,OA
River Ventures,Tech,Cloud Engineering Intern,170000,2026-02-22,2026-04-23,OA
Summit Platform Group,Tech,Data Engineering Internship,100000,2026-04-09,2026-05-26,Rejected
Atlas Group APAC,Quant,Trading Systems Engineer Intern,325000,2026-06-13,2026-07-25,No Response
TikTok,Tech,Cloud Engineering Intern,125000,2026-03-29,2026-04-12,No Response
Amazon,Consulting,Technology Consulting Vacationer,75000,2026-02-19,2026-04-06,No Response
Vector Software Group,Consulting,Technology Consulting Vacationer,85000,2026-08-26,2026-10-05,No Response
Everest AI,Tech,Machine Learning Internship,180000,2026-02-16,2026-03-27,Final Round
Atlas Data Group Two,Finance,Graduate SWE,120000,2026-05-30,2026-06-28,Rejected
Zip,Tech,Data Engineering Internship,160000,2026-02-04,2026-02-23,Rejected
Orbit Technologies Labs,Finance,Investment Banking Summer Analyst,105000,2026-05-09,2026-05-23,Rejected
Helix Platform Group X,Tech,Data Science Internship,110000,2026-06-29,2026-08-29,OA
EY,Corporate,Industry Based Learning Internship,95000,2026-06-16,2026-07-10,No Response
Microsoft,Quant,Quantitative Researcher Internship,285000,2026-03-03,2026-05-16,Rejected
Microsoft,Tech,Security Engineering Internship,155000,2026-06-30,2026-08-19,OA
Stone Ventures APAC,Capital Markets,Markets Analyst Intern,190000,2026-07-16,2026-08-18,OA
WiseTech Global,Capital Markets,Winter Development Program,175000,2026-02-26,2026-03-16,OA
Blue Ventures Global,Quant,Quantitative Researcher Internship,340000,2026-07-07,2026-09-10,2nd Round
Kite Markets APAC One,Tech,Data Engineering Internship,160000,2026-03-12,2026-04-12,No Response
Zip,Tech,Cloud Engineering Intern,130000,2026-06-06,2026-07-06,Rejected
Cedar Systems,Finance,Graduate SWE,100000,2026-07-14,2026-08-13,No Response
Harbour Analytics,Quant,Market Risk Analyst Intern,295000,2026-06-30,2026-08-18,No Response
Vertex Trading Australia,Tech,Full Stack Developer Intern,180000,2026-02-27,2026-04-04,Accepted
North Ventures,Capital Markets,Asset Management Intern,110000,2026-05-17,2026-06-01,No Response
Lunar Research,Capital Markets,Asset Management Intern,100000,2026-05-09,2026-07-17,No Response
Signal Trading APAC,Quant,Trading Systems Engineer Intern,265000,2026-02-07,2026-04-04,No Response
Cedar Trading Co,Tech,Software Engineering Internship,160000,2026-04-26,2026-07-09,No Response
Jane Street,Capital Markets,Trading Analyst Intern,100000,2026-07-03,2026-08-13,OA
Catalyst Capital Labs,Finance,Markets Technology Intern,110000,2026-04-07,2026-04-23,2nd Round
Atlas Trading Labs X,Tech,Data Engineering Internship,170000,2026-04-22,2026-06-17,Rejected
Everest Solutions Labs,Corporate,Operations Intern,95000,2026-03-05,2026-03-31,OA
Southern Finance APAC,Capital Markets,Equity Research Intern,85000,2026-04-19,2026-05-21,No Response
Signal AI Group,Finance,Financial Data Analyst Intern,160000,2026-06-02,2026-08-05,Rejected
Bridge Robotics Global Two,Finance,Investment Banking Summer Analyst,125000,2026-03-30,2026-06-03,No Response
Finch Security,Tech,Frontend Engineer Intern,175000,2026-06-28,2026-07-24,2nd Round
Astra Security,Quant,Market Risk Analyst Intern,250000,2026-03-18,2026-05-22,Rejected
Harbour AI,Quant,SWE Internship,345000,2026-06-24,2026-08-15,No Response
Catalyst Partners Co,Corporate,Product Management Intern,65000,2026-08-10,2026-10-18,OA
Cedar Security Co,Tech,Frontend Engineer Intern,110000,2026-04-12,2026-05-24,No Response
Core Analytics Labs,Tech,Full Stack Developer Intern,95000,2026-07-31,2026-08-27,No Response
Aurora Partners Labs,Quant,Algorithmic Trading Internship,215000,2026-06-03,2026-06-17,Rejected
Everest Data Co,Tech,Machine Learning Internship,120000,2026-03-29,2026-04-29,OA
Bright Ops,Tech,Cloud Engineering Intern,110000,2026-06-17,2026-07-02,Rejected
Zip,Consulting,Summer Internship Program,80000,2026-03-07,2026-05-15,OA
Signal Solutions Global,Tech,Machine Learning Internship,145000,2026-08-12,2026-10-25,Rejected
Core Systems Global,Tech,Software Engineering Internship,85000,2026-08-19,2026-11-02,2nd Round
Google,Corporate,Business Analyst Intern,100000,2026-03-12,2026-04-10,No Response
Signal Group APAC,Consulting,Data Analytics Consultant Intern,60000,2026-07-06,2026-08-27,Rejected
Kite Software,Corporate,Business Analyst Intern,100000,2026-07-24,2026-10-04,Rejected
REA Group,Quant,Trading Systems Engineer Intern,265000,2026-07-29,2026-09-30,No Response
Airwallex,Consulting,Cyber Risk Consulting Intern,50000,2026-04-30,2026-06-17,OA
PwC,Quant,Research Engineer Intern,345000,2026-05-22,2026-08-05,OA
Foundry Digital Co,Capital Markets,Asset Management Intern,125000,2026-07-08,2026-09-11,Rejected
Terra Research Global,Finance,Markets Technology Intern,90000,2026-04-13,2026-06-22,OA
Crimson Solutions,Corporate,Graduate Business Analyst,80000,2026-03-19,2026-05-03,No Response
Cloud Group APAC,Finance,Risk Analyst Intern,160000,2026-03-21,2026-04-09,No Response
Pioneer AI Two,Quant,Trading Systems Engineer Intern,320000,2026-04-20,2026-06-15,1st Round
Helix Solutions Global,Quant,Research Engineer Intern,285000,2026-04-06,2026-05-04,No Response
Southern Technologies Australia,Tech,Software Engineering Internship,115000,2026-08-05,2026-09-25,Rejected
Atlas Consulting Australia,Quant,Quant Developer Internship,285000,2026-08-01,2026-09-18,No Response
Summit Insights Group One,Tech,SWE Internship,165000,2026-04-14,2026-05-28,OA
Orbit Capital,Quant,SWE Internship,200000,2026-06-28,2026-08-21,2nd Round
Silver Ventures,Tech,Security Engineering Internship,155000,2026-07-03,2026-09-05,1st Round
Meridian Consulting Labs,Finance,Markets Technology Intern,85000,2026-07-07,2026-09-20,Final Round
Solar Platform Two,Capital Markets,Markets Analyst Intern,170000,2026-02-20,2026-03-16,No Response
Nimbus Consulting APAC,Quant,Algorithmic Trading Internship,335000,2026-07-26,2026-08-23,Rejected
Atlas Partners,Finance,FinTech Engineering Intern,100000,2026-04-10,2026-06-15,No Response
Vector Consulting Group X,Tech,Full Stack Developer Intern,135000,2026-04-11,2026-05-27,OA
Stone Finance APAC Two,Quant,SWE Internship,185000,2026-08-15,2026-10-11,Accepted
Orbit Robotics Group,Consulting,Cyber Risk Consulting Intern,60000,2026-06-30,2026-08-10,1st Round
Everest Solutions Global,Quant,Quantitative Trader Internship,250000,2026-05-17,2026-07-14,OA
Helix Systems Group X,Consulting,Strategy Analyst Intern,75000,2026-03-02,2026-05-04,OA
Core AI Labs Studio,Quant,SWE Internship,295000,2026-07-10,2026-09-10,OA
TikTok,Quant,SWE Internship,220000,2026-04-15,2026-05-27,Rejected
Cloud Ventures,Quant,SWE Internship,180000,2026-06-22,2026-08-01,No Response
Harbour Insights,Government,Internship Program,80000,2026-06-11,2026-08-09,No Response
Helix Markets Labs,Finance,Markets Technology Intern,160000,2026-08-11,2026-10-20,No Response
Catalyst Research,Tech,Machine Learning Internship,135000,2026-06-29,2026-08-24,OA
Iron Data Co,Tech,Data Engineering Internship,125000,2026-03-21,2026-05-18,No Response
Seek,Quant,Market Risk Analyst Intern,330000,2026-07-31,2026-10-11,Accepted
Vertex Markets Co,Quant,Quantitative Researcher Internship,295000,2026-05-24,2026-06-13,OA
North Analytics Group,Quant,Quantitative Researcher Internship,280000,2026-07-10,2026-09-06,OA
Core Networks Global,Tech,Cloud Engineering Intern,165000,2026-02-10,2026-04-04,No Response
Silver Partners,Consulting,Digital Transformation Intern,105000,2026-02-26,2026-04-09,No Response
Hudson River Trading,Tech,SWE Internship,80000,2026-04-17,2026-05-23,OA
Southern Digital Labs,Tech,Data Engineering Internship,170000,2026-07-25,2026-08-23,OA
Solar AI APAC,Consulting,Technology Consulting Vacationer,85000,2026-04-15,2026-06-11,OA
River Insights Labs,Tech,Cloud Engineering Intern,155000,2026-03-23,2026-04-30,Rejected
Vector Consulting APAC Labs,Tech,Machine Learning Internship,120000,2026-06-25,2026-09-02,2nd Round
Pioneer Consulting Australia,Corporate,Industry Based Learning Internship,80000,2026-03-29,2026-05-22,No Response
Summit Insights,Tech,Graduate Software Engineer,175000,2026-02-11,2026-03-16,Accepted
Silver Consulting Global,Tech,Cloud Engineering Intern,105000,2026-03-06,2026-05-09,OA
Cedar Digital APAC,Government,Digital Services Internship,95000,2026-08-26,2026-09-27,Final Round
Blue Markets Australia,Tech,Software Engineering Internship,180000,2026-05-13,2026-07-27,Rejected
Astra Research Co X,Quant,Quantitative Trader Internship,290000,2026-08-30,2026-10-23,Rejected
Finch Data Global,Tech,Frontend Engineer Intern,110000,2026-07-16,2026-08-03,1st Round
Harbour Markets,Quant,Quant Developer Internship,305000,2026-03-02,2026-03-22,No Response
Core Partners,Quant,Market Risk Analyst Intern,210000,2026-06-06,2026-07-29,OA
Aurora AI Group,Government,Internship Program,85000,2026-02-26,2026-04-24,OA
Bright Research Australia,Capital Markets,Equity Research Intern,155000,2026-02-24,2026-04-21,No Response
Macquarie,Consulting,Vacationer Internship,65000,2026-03-05,2026-05-08,1st Round
IMC,Tech,Data Engineering Internship,110000,2026-04-26,2026-06-28,No Response
North Markets Co,Capital Markets,Winter Development Program,110000,2026-03-01,2026-04-26,Rejected
Lunar Software Global X,Tech,Cloud Engineering Intern,85000,2026-08-09,2026-09-18,OA
Opal Robotics,Corporate,Product Management Intern,70000,2026-07-08,2026-07-24,Final Round
Signal Insights Labs,Capital Markets,Equity Research Intern,145000,2026-05-21,2026-07-17,No Response
Microsoft,Corporate,Product Management Intern,80000,2026-07-06,2026-07-29,No Response
Stone Networks Co,Tech,Product Engineering Intern,155000,2026-07-05,2026-08-15,No Response
Helix Ops Australia,Corporate,Technology Graduate Program,70000,2026-05-17,2026-06-21,Accepted
Stone Platform APAC,Quant,Quantitative Trader Internship,255000,2026-02-18,2026-03-09,Rejected
Opal Markets Co Studio,Tech,Software Engineering Internship,160000,2026-04-26,2026-06-21,No Response
Quantum Consulting APAC,Quant,Market Risk Analyst Intern,340000,2026-03-27,2026-04-19,2nd Round
Helix Trading,Tech,Software Engineering Internship,165000,2026-03-30,2026-06-03,OA
Finch Platform Co X,Consulting,Cyber Risk Consulting Intern,50000,2026-03-19,2026-04-19,2nd Round
Southern Markets Labs One,Tech,Cloud Engineering Intern,100000,2026-06-16,2026-07-13,OA
Stone Security,Quant,Quantitative Researcher Internship,240000,2026-08-13,2026-10-05,No Response
Pioneer Finance Group,Tech,Data Science Internship,120000,2026-03-02,2026-04-07,OA
Apex Platform APAC Labs,Tech,Product Engineering Intern,170000,2026-02-15,2026-03-01,No Response
Bridge Solutions Labs,Capital Markets,Markets Analyst Intern,110000,2026-03-06,2026-04-13,OA
Copper Analytics Labs,Tech,Data Engineering Internship,80000,2026-05-23,2026-06-07,OA
Vector Networks Labs,Tech,Cloud Engineering Intern,140000,2026-04-25,2026-05-19,Accepted
Opal Analytics Labs,Consulting,Cyber Risk Consulting Intern,65000,2026-05-23,2026-07-13,OA
Nimbus Solutions One,Tech,Full Stack Developer Intern,155000,2026-06-11,2026-07-07,Rejected
North Research Australia Two,Quant,Quantitative Researcher Internship,215000,2026-08-17,2026-10-10,OA
Vector Insights Global,Corporate,Graduate Business Analyst,105000,2026-04-22,2026-05-15,OA
Terra Systems Global,Quant,Quant Developer Internship,305000,2026-05-27,2026-06-12,No Response
Silver Finance Co,Finance,Graduate SWE,170000,2026-06-22,2026-09-05,Accepted
Vector Insights Australia,Capital Markets,Asset Management Intern,160000,2026-06-09,2026-07-02,Rejected
Silver Robotics Labs,Quant,Research Engineer Intern,335000,2026-05-05,2026-06-11,Rejected
Quantum Insights Global One,Quant,Research Engineer Intern,320000,2026-04-06,2026-06-05,Rejected
Iron Analytics,Government,Digital Services Internship,80000,2026-07-18,2026-09-14,2nd Round
River Data Labs,Tech,Graduate Software Engineer,125000,2026-08-28,2026-09-19,2nd Round
Apex Analytics Labs,Finance,FinTech Engineering Intern,80000,2026-05-04,2026-06-06,No Response
Canva,Tech,Data Science Internship,100000,2026-04-17,2026-06-24,Accepted
Finch Markets Labs Two,Quant,SWE Internship,230000,2026-08-04,2026-09-15,No Response
Finch Consulting Group,Quant,Trading Systems Engineer Intern,275000,2026-08-27,2026-10-30,OA
Vector AI Group,Finance,Risk Analyst Intern,140000,2026-06-09,2026-07-26,OA
Summit Research,Tech,Frontend Engineer Intern,130000,2026-06-22,2026-09-03,No Response
Pacific Research Group,Finance,Graduate SWE,100000,2026-05-23,2026-06-11,Rejected
Nova Partners,Tech,Data Science Internship,135000,2026-05-10,2026-05-29,OA
Iron Markets Labs,Tech,Software Engineering Internship,95000,2026-08-14,2026-10-12,OA
IMC,Consulting,Vacationer Internship,60000,2026-06-21,2026-09-03,Final Round
Lunar Consulting Labs,Quant,Quantitative Trader Internship,335000,2026-03-01,2026-05-07,Rejected
Vector Ventures,Consulting,Vacationer Internship,50000,2026-07-08,2026-08-13,No Response
Opal Analytics Co,Quant,Quantitative Trader Internship,350000,2026-05-11,2026-07-19,OA
Nova Trading,Consulting,Digital Transformation Intern,105000,2026-07-19,2026-09-11,No Response
Vertex Trading Co,Consulting,Cyber Risk Consulting Intern,100000,2026-03-17,2026-05-23,Accepted
Summit Analytics Group Two,Quant,Algorithmic Trading Internship,205000,2026-02-11,2026-03-17,Rejected
Atlas Consulting Global,Quant,Algorithmic Trading Internship,215000,2026-04-11,2026-05-02,Accepted
Crimson Solutions,Quant,Market Risk Analyst Intern,335000,2026-05-06,2026-07-18,Accepted
Silver Partners,Tech,Software Engineering Internship,125000,2026-02-27,2026-03-18,No Response
Foundry Digital Group,Tech,Data Science Internship,95000,2026-05-02,2026-06-24,Rejected
Zip,Tech,SWE Internship,135000,2026-05-05,2026-06-20,Accepted
WiseTech Global,Consulting,Vacationer Internship,100000,2026-08-20,2026-10-01,No Response
Crimson Software,Tech,Product Engineering Intern,180000,2026-05-27,2026-08-09,OA
Apex Trading Labs,Quant,Quantitative Trader Internship,280000,2026-03-02,2026-03-17,Final Round
Harbour Research APAC,Quant,Market Risk Analyst Intern,245000,2026-07-07,2026-08-08,2nd Round
SIG,Government,Technology Graduate Program,65000,2026-05-27,2026-06-21,Rejected
Stone Platform Global,Quant,Quantitative Trader Internship,370000,2026-04-18,2026-06-25,No Response
Opal Robotics Australia Two,Corporate,Technology Graduate Program,115000,2026-03-08,2026-04-06,Accepted
Signal Data,Tech,Data Engineering Internship,85000,2026-02-17,2026-03-22,OA
Everest Software X,Corporate,Product Management Intern,105000,2026-02-19,2026-04-02,OA
Helix Insights,Quant,Quantitative Researcher Internship,250000,2026-06-09,2026-08-20,Rejected
Optiver,Finance,Financial Data Analyst Intern,105000,2026-04-24,2026-07-06,2nd Round
Solar Technologies Co,Quant,Quant Developer Internship,285000,2026-06-09,2026-08-03,No Response
WiseTech Global,Capital Markets,Markets Analyst Intern,180000,2026-04-28,2026-07-04,Rejected
Zip,Tech,SWE Internship,165000,2026-04-09,2026-06-03,No Response
Pioneer Insights Co,Consulting,Data Analytics Consultant Intern,70000,2026-06-04,2026-07-03,Accepted
Quantum Digital Group,Consulting,Digital Transformation Intern,85000,2026-03-25,2026-04-29,1st Round
Copper Networks,Tech,Graduate Software Engineer,155000,2026-06-24,2026-07-14,No Response
North Capital,Quant,Quant Developer Internship,330000,2026-04-05,2026-06-19,Rejected
Stone Technologies,Tech,Cloud Engineering Intern,165000,2026-06-08,2026-08-17,No Response
Lunar Technologies Global X,Tech,Machine Learning Internship,165000,2026-07-18,2026-09-13,OA
Solar Ops Global,Quant,Quantitative Trader Internship,305000,2026-05-14,2026-05-31,1st Round
Crimson Robotics Group,Tech,Data Engineering Internship,115000,2026-07-10,2026-09-05,1st Round
Iron Data Global,Tech,Software Engineering Internship,105000,2026-07-05,2026-08-20,OA
Macquarie,Tech,SWE Internship,150000,2026-06-13,2026-07-26,No Response
Finch Solutions,Capital Markets,Markets Analyst Intern,180000,2026-08-09,2026-10-15,No Response
Vector Consulting Group,Tech,Data Engineering Internship,130000,2026-04-26,2026-06-22,No Response
Nova Finance Group,Quant,Quant Developer Internship,260000,2026-06-30,2026-08-13,No Response
Crimson Markets Australia One,Consulting,Data Analytics Consultant Intern,65000,2026-02-05,2026-03-19,No Response
Accenture,Tech,Graduate Software Engineer,170000,2026-06-01,2026-08-09,Rejected
IMC,Corporate,Technology Graduate Program,95000,2026-04-25,2026-06-20,OA
Core Solutions,Quant,Quantitative Researcher Internship,290000,2026-03-22,2026-06-05,No Response
River Security APAC,Quant,Trading Systems Engineer Intern,355000,2026-06-03,2026-07-09,1st Round
Harbour Software Co,Capital Markets,Equity Research Intern,145000,2026-08-29,2026-10-04,Rejected
REA Group,Finance,Risk Analyst Intern,90000,2026-04-30,2026-07-12,OA
Akuna Capital,Tech,Data Science Internship,170000,2026-06-24,2026-08-21,No Response
Lunar Systems Co,Tech,Graduate Software Engineer,110000,2026-02-14,2026-03-06,OA
Summit Labs Co,Corporate,Industry Based Learning Internship,65000,2026-05-16,2026-07-10,Rejected
Bridge Solutions APAC,Capital Markets,Asset Management Intern,95000,2026-07-17,2026-09-05,No Response
Southern Partners,Corporate,Industry Based Learning Internship,55000,2026-05-13,2026-07-16,OA
Astra Consulting,Capital Markets,Trading Analyst Intern,155000,2026-05-28,2026-07-22,OA
Signal Research Australia,Quant,Quantitative Researcher Internship,300000,2026-08-07,2026-09-19,1st Round
Bridge Software Australia Labs,Corporate,Industry Based Learning Internship,85000,2026-06-12,2026-07-16,No Response
Orbit Solutions Australia Labs,Consulting,Technology Consulting Vacationer,65000,2026-05-26,2026-07-27,No Response
Astra Research Global,Tech,Security Engineering Internship,95000,2026-03-03,2026-04-15,No Response
Bridge Trading Australia,Quant,Quant Developer Internship,250000,2026-03-12,2026-04-24,Final Round
Orbit Security Co,Consulting,Strategy Analyst Intern,65000,2026-08-15,2026-09-13,2nd Round
KPMG,Consulting,Cyber Risk Consulting Intern,90000,2026-07-31,2026-09-06,No Response
Catalyst Technologies Co X,Consulting,Vacationer Internship,90000,2026-05-25,2026-06-15,2nd Round
Accenture,Corporate,Product Management Intern,90000,2026-08-27,2026-09-13,OA
Helix AI APAC,Quant,Algorithmic Trading Internship,325000,2026-08-29,2026-09-12,Final Round
Blue Data,Consulting,Vacationer Internship,55000,2026-06-01,2026-06-17,No Response
Everest Trading Labs,Tech,Backend Engineer Intern,135000,2026-05-08,2026-05-27,2nd Round
SIG,Consulting,Data Analytics Consultant Intern,75000,2026-03-03,2026-03-28,Rejected
Nimbus Labs,Quant,Quantitative Researcher Internship,355000,2026-06-17,2026-07-25,Accepted
IMC,Tech,Cloud Engineering Intern,95000,2026-08-27,2026-10-22,OA
Blue Capital,Corporate,Industry Based Learning Internship,105000,2026-07-31,2026-10-08,No Response
Core Technologies X,Corporate,Product Management Intern,70000,2026-08-28,2026-11-08,Final Round
Stone Ventures APAC,Tech,Security Engineering Internship,195000,2026-03-29,2026-05-08,No Response
Southern Insights Labs,Tech,Security Engineering Internship,90000,2026-07-15,2026-09-09,OA
River Networks,Quant,Market Risk Analyst Intern,330000,2026-04-03,2026-06-10,No Response
Quantum Data Labs,Finance,Investment Banking Summer Analyst,165000,2026-06-16,2026-07-08,OA
Meridian Trading,Tech,Cloud Engineering Intern,110000,2026-04-10,2026-05-18,2nd Round
Hudson River Trading,Consulting,Cyber Risk Consulting Intern,95000,2026-08-05,2026-09-30,OA
Astra Technologies Australia,Quant,Research Engineer Intern,245000,2026-04-04,2026-06-01,1st Round
Bridge Networks Group,Tech,Frontend Engineer Intern,130000,2026-04-20,2026-05-20,OA
Seek,Capital Markets,Asset Management Intern,160000,2026-08-14,2026-10-20,No Response
Vector Ventures Studio,Tech,Cloud Engineering Intern,180000,2026-08-04,2026-09-13,No Response
Lunar Cloud Co,Tech,Frontend Engineer Intern,180000,2026-04-28,2026-05-28,Final Round
Copper Digital,Quant,Algorithmic Trading Internship,350000,2026-06-19,2026-08-13,Rejected
Quantum Security,Quant,Quantitative Trader Internship,260000,2026-08-01,2026-08-24,No Response
Zip,Quant,Research Engineer Intern,360000,2026-02-05,2026-02-19,OA
Cedar Data APAC Labs,Quant,SWE Internship,235000,2026-02-28,2026-05-11,No Response
Solar Trading APAC,Tech,Frontend Engineer Intern,85000,2026-05-07,2026-07-21,OA
Silver Insights Labs,Consulting,Summer Internship Program,80000,2026-06-22,2026-08-05,No Response
SIG,Tech,Backend Engineer Intern,140000,2026-07-16,2026-09-18,No Response
Vertex Ventures Australia,Government,Internship Program,95000,2026-04-11,2026-04-27,Rejected
Vector Platform X,Consulting,Digital Transformation Intern,50000,2026-03-26,2026-05-16,No Response
River Digital Australia,Finance,Markets Technology Intern,140000,2026-07-24,2026-10-03,OA
Silver Robotics Global Labs,Quant,Quantitative Researcher Internship,260000,2026-04-29,2026-06-20,Final Round
Stone Labs APAC,Government,Cyber Security Cadetship,105000,2026-03-31,2026-05-06,OA
Crimson Analytics APAC,Quant,Quantitative Researcher Internship,210000,2026-04-10,2026-05-03,OA
Stone Trading X,Finance,Investment Banking Summer Analyst,150000,2026-05-04,2026-07-05,No Response
Helix Data Co,Tech,Backend Engineer Intern,75000,2026-02-23,2026-03-31,OA
